Titulo,Descricao,Imagem,Quantidade,Preço,Avaliação,Status
A Light in the Attic,,,0,0.0,3,In stock
Tipping the Velvet,,,0,0.0,1,In stock
Soumission,,,0,0.0,1,In stock
Sharp Objects,,,0,0.0,4,In stock
Sapiens: A Brief History of Humankind,,,0,0.0,5,In stock
The Requiem Red,,,0,0.0,1,In stock
The Dirty Little Secrets of Getting Your Dream Job,,,0,0.0,4,In stock
"The Coming Woman: A Novel Based on the Life of the Infamous Feminist, Victoria Woodhull",,,0,0.0,3,In stock
The Boys in the Boat: Nine Americans and Their Epic Quest for Gold at the 1936 Berlin Olympics,,,0,0.0,4,In stock
The Black Maria,,,0,0.0,1,In stock
"Starving Hearts (Triangular Trade Trilogy, #1)",,,0,0.0,2,In stock
Shakespeare's Sonnets,,,0,0.0,4,In stock
Set Me Free,,,0,0.0,5,In stock
Scott Pilgrim's Precious Little Life (Scott Pilgrim #1),,,0,0.0,5,In stock
Rip it Up and Start Again,,,0,0.0,5,In stock
"Our Band Could Be Your Life: Scenes from the American Indie Underground, 1981-1991",,,0,0.0,3,In stock
Olio,,,0,0.0,1,In stock
Mesaerion: The Best Science Fiction Stories 1800-1849,,,0,0.0,1,In stock
Libertarianism for Beginners,,,0,0.0,2,In stock
It's Only the Himalayas,,,0,0.0,2,In stock
